2017-05-02T07:16:10.695000+00:00,50.800729,6.913561,0.08031177520751953
2017-05-02T07:16:12.696000+00:00,50.800729,6.913498,0.06312244385480881
2017-05-02T07:16:14.693000+00:00,50.800778,6.913505,0.09730131924152374
2017-05-02T07:16:16.693000+00:00,50.800806,6.913464,0.05934213474392891
2017-05-02T07:16:18+00:00,50.800779,6.913508,0.08167798072099686
2017-05-02T07:16:20+00:00,50.800786,6.913521,0.02656295895576477
2017-05-02T07:16:22+00:00,50.800763,6.913536,0.05121516063809395
2017-05-02T07:16:24+00:00,50.800760,6.913537,0.034433167427778244
2017-05-02T07:16:26+00:00,50.800746,6.913546,0.06620798259973526
2017-05-02T07:16:28+00:00,50.800747,6.913554,0.06072800233960152
2017-05-02T07:16:30+00:00,50.800749,6.913556,0.09164129197597504
2017-05-02T07:16:32+00:00,50.800728,6.913632,0.06478084623813629
2017-05-02T07:16:34+00:00,50.800682,6.913757,0.06236410140991211
2017-05-02T07:16:36+00:00,50.800624,6.913889,0.028001859784126282
2017-05-02T07:16:38+00:00,50.800502,6.914102,0.07817265391349792
2017-05-02T07:16:40+00:00,50.800366,6.914317,0.04910581186413765
2017-05-02T07:16:42+00:00,50.800208,6.914583,0.1289357841014862
2017-05-02T07:16:44+00:00,50.800035,6.914868,0.1271883100271225
2017-05-02T07:16:45+00:00,50.799940,6.914989,0.15827108919620514
2017-05-02T07:16:47+00:00,50.799735,6.915254,0.14265620708465576
2017-05-02T07:16:49+00:00,50.799523,6.915549,0.15249919891357422
2017-05-02T07:16:51+00:00,50.799309,6.915850,0.17766986787319183
2017-05-02T07:16:53+00:00,50.799104,6.916118,0.08874844759702682
2017-05-02T07:16:54+00:00,50.798986,6.916239,0.13033190369606018
2017-05-02T07:16:56+00:00,50.798731,6.916464,0.09939635545015335
2017-05-02T07:16:58+00:00,50.798513,6.916705,0.14520733058452606
2017-05-02T07:17:00+00:00,50.798260,6.916924,0.08043180406093597
2017-05-02T07:17:02+00:00,50.798027,6.917141,0.13909366726875305
2017-05-02T07:17:04+00:00,50.797774,6.917350,0.07600505650043488
2017-05-02T07:17:06+00:00,50.797532,6.917570,0.08318629860877991
2017-05-02T07:17:07+00:00,50.797384,6.917675,0.03091154806315899
2017-05-02T07:17:09+00:00,50.797115,6.917858,0.09357885271310806
2017-05-02T07:17:11+00:00,50.796841,6.918018,0.1052287146449089
2017-05-02T07:17:13+00:00,50.796577,6.918159,0.041729636490345
2017-05-02T07:17:14+00:00,50.796438,6.918226,0.09262387454509735
2017-05-02T07:17:15+00:00,50.796306,6.918295,0.0985913947224617
2017-05-02T07:17:17+00:00,50.796016,6.918429,0.09055040776729584
2017-05-02T07:17:18+00:00,50.795873,6.918495,0.17811040580272675
2017-05-02T07:17:20+00:00,50.795595,6.918605,0.13099847733974457
2017-05-02T07:17:21+00:00,50.795448,6.918657,0.1230744868516922
2017-05-02T07:17:23+00:00,50.795178,6.918765,0.09247716516256332
2017-05-02T07:17:25+00:00,50.794907,6.918847,0.11776139587163925
2017-05-02T07:17:27+00:00,50.794642,6.918957,0.06095494329929352
2017-05-02T07:17:28+00:00,50.794510,6.919008,0.11102790385484695
2017-05-02T07:17:30+00:00,50.794221,6.919108,0.0518677718937397
2017-05-02T07:17:31+00:00,50.794081,6.919156,0.05732894316315651
2017-05-02T07:17:33+00:00,50.793823,6.919251,0.07821445167064667
2017-05-02T07:17:35+00:00,50.793561,6.919342,0.0841638520359993
2017-05-02T07:17:37+00:00,50.793311,6.919433,0.0665118545293808
2017-05-02T07:17:38+00:00,50.793185,6.919481,0.0952075943350792
2017-05-02T07:17:39+00:00,50.793062,6.919529,0.09068858623504639
2017-05-02T07:17:41+00:00,50.792806,6.919628,0.11200294643640518
2017-05-02T07:17:43+00:00,50.792548,6.919752,0.10297130048274994
2017-05-02T07:17:45+00:00,50.792277,6.919883,0.10754148662090302
2017-05-02T07:17:46+00:00,50.792146,6.919965,0.09068334847688675
2017-05-02T07:17:48+00:00,50.791906,6.920068,0.15228886902332306
2017-05-02T07:17:50+00:00,50.791644,6.920159,0.11820444464683533
2017-05-02T07:17:52+00:00,50.791395,6.920288,0.13390333950519562
2017-05-02T07:17:53+00:00,50.791283,6.920351,0.13290520012378693
2017-05-02T07:17:55+00:00,50.790985,6.920492,0.11597960442304611
2017-05-02T07:17:57+00:00,50.790662,6.920648,0.09166403114795685
2017-05-02T07:17:59+00:00,50.790344,6.920813,0.09000910073518753
2017-05-02T07:18:00+00:00,50.790194,6.920894,0.11430331319570541
2017-05-02T07:18:02+00:00,50.789891,6.921018,0.13426093757152557
2017-05-02T07:18:03+00:00,50.789727,6.921094,0.09739186614751816
2017-05-02T07:18:05+00:00,50.789437,6.921238,0.13253982365131378
2017-05-02T07:18:06+00:00,50.789281,6.921307,0.08153500407934189
2017-05-02T07:18:08+00:00,50.788992,6.921442,0.12733662128448486
2017-05-02T07:18:09+00:00,50.788823,6.921505,0.15425004065036774
2017-05-02T07:18:10+00:00,50.788640,6.921568,0.11081406474113464
2017-05-02T07:18:12+00:00,50.788321,6.921682,0.13228197395801544
2017-05-02T07:18:14+00:00,50.788010,6.921834,0.0828305333852768
2017-05-02T07:18:16+00:00,50.787682,6.921983,0.1227106973528862
2017-05-02T07:18:17+00:00,50.787522,6.922062,0.0825839415192604
2017-05-02T07:18:19+00:00,50.787223,6.922220,0.14482471346855164
2017-05-02T07:18:20+00:00,50.787048,6.922307,0.11353565752506256
2017-05-02T07:18:22+00:00,50.786723,6.922493,0.09025470167398453
2017-05-02T07:18:23+00:00,50.786579,6.922570,0.0836729034781456
2017-05-02T07:18:25+00:00,50.786266,6.922751,0.02015797607600689
2017-05-02T07:18:26+00:00,50.786105,6.922846,0.15639977157115936
2017-05-02T07:18:28+00:00,50.785778,6.923036,0.11292067170143127
2017-05-02T07:18:30+00:00,50.785470,6.923217,0.08810988813638687
2017-05-02T07:18:32+00:00,50.785156,6.923380,0.06620165705680847
2017-05-02T07:18:33+00:00,50.784982,6.923466,0.04989483579993248
2017-05-02T07:18:35+00:00,50.784654,6.923620,0.06752127408981323
2017-05-02T07:18:36+00:00,50.784497,6.923689,0.10086268931627274
2017-05-02T07:18:38+00:00,50.784214,6.923841,0.06545621156692505
2017-05-02T07:18:39+00:00,50.784058,6.923892,0.08819065243005753
2017-05-02T07:18:40+00:00,50.783927,6.923946,0.07277311384677887
2017-05-02T07:18:41+00:00,50.783787,6.923996,0.08021463453769684
2017-05-02T07:18:43+00:00,50.783518,6.924113,0.07950527220964432
2017-05-02T07:18:45+00:00,50.783246,6.924266,0.08815112709999084
2017-05-02T07:18:46+00:00,50.783127,6.924341,0.061511434614658356
2017-05-02T07:18:48+00:00,50.782882,6.924486,0.0826888456940651
2017-05-02T07:18:49+00:00,50.782765,6.924558,0.03066597878932953
2017-05-02T07:18:50+00:00,50.782636,6.924637,0.07190711796283722
2017-05-02T07:18:52+00:00,50.782388,6.924782,0.043446000665426254
2017-05-02T07:18:53+00:00,50.782282,6.924868,0.07180879265069962
2017-05-02T07:18:55+00:00,50.782030,6.925023,0.06512425094842911
2017-05-02T07:18:57+00:00,50.781792,6.925178,0.06563572585582733
2017-05-02T07:18:59+00:00,50.781571,6.925331,0.06289573013782501
2017-05-02T07:19:01+00:00,50.781348,6.925498,0.039906613528728485
2017-05-02T07:19:03+00:00,50.781131,6.925657,0.07268065959215164
2017-05-02T07:19:04+00:00,50.781017,6.925746,0.041495345532894135
2017-05-02T07:19:06+00:00,50.780806,6.925918,0.06687396764755249
2017-05-02T07:19:08+00:00,50.780586,6.926099,0.03533722460269928
2017-05-02T07:19:10+00:00,50.780371,6.926292,0.031205305829644203
2017-05-02T07:19:12+00:00,50.780135,6.926494,0.038920748978853226
2017-05-02T07:19:13+00:00,50.780037,6.926595,0.024826910346746445
2017-05-02T07:19:15+00:00,50.779822,6.926798,0.06058211624622345
2017-05-02T07:19:16+00:00,50.779704,6.926925,0.0507112480700016
2017-05-02T07:19:18+00:00,50.779513,6.927170,0.12122014909982681
2017-05-02T07:19:20+00:00,50.779311,6.927384,0.16205474734306335
2017-05-02T07:19:22+00:00,50.779105,6.927596,0.12564237415790558
2017-05-02T07:19:23+00:00,50.779041,6.927702,0.12617391347885132
2017-05-02T07:19:25+00:00,50.778855,6.927897,0.12010259181261063
2017-05-02T07:19:26+00:00,50.778760,6.927937,0.13281482458114624
2017-05-02T07:19:28+00:00,50.778650,6.928073,0.12918803095817566
2017-05-02T07:19:30+00:00,50.778616,6.928130,0.12901857495307922
2017-05-02T07:19:32+00:00,50.778603,6.928156,0.12867435812950134
2017-05-02T07:19:33+00:00,50.778598,6.928181,0.13158535957336426
2017-05-02T07:19:35+00:00,50.778585,6.928196,0.11137596517801285
2017-05-02T07:19:37+00:00,50.778589,6.928202,0.14879733324050903
2017-05-02T07:19:39+00:00,50.778603,6.928186,0.10751093178987503
2017-05-02T07:19:40+00:00,50.778610,6.928175,0.08941095322370529
2017-05-02T07:19:42+00:00,50.778611,6.928174,0.08613479137420654
2017-05-02T07:19:44+00:00,50.778618,6.928170,0.06446696817874908
2017-05-02T07:19:46+00:00,50.778612,6.928168,0.103920578956604
2017-05-02T07:19:47+00:00,50.778593,6.928179,0.08156527578830719
2017-05-02T07:19:49+00:00,50.778495,6.928260,0.05640566721558571
2017-05-02T07:19:51+00:00,50.778381,6.928365,0.0996885672211647
2017-05-02T07:19:52+00:00,50.778312,6.928417,0.05238909274339676
2017-05-02T07:19:53+00:00,50.778214,6.928495,0.035822972655296326
2017-05-02T07:19:54+00:00,50.778116,6.928569,0.07156776636838913
2017-05-02T07:19:56+00:00,50.777907,6.928711,0.06397023051977158
2017-05-02T07:19:57+00:00,50.777803,6.928788,0.06476914137601852
2017-05-02T07:19:59+00:00,50.777542,6.928913,0.060545336455106735
2017-05-02T07:20:00+00:00,50.777415,6.928985,0.04982543736696243
2017-05-02T07:20:01+00:00,50.777300,6.929060,0.0567220076918602
2017-05-02T07:20:03+00:00,50.777085,6.929200,0.0466526597738266
2017-05-02T07:20:05+00:00,50.776834,6.929312,0.0555017925798893
2017-05-02T07:20:07+00:00,50.776693,6.929385,0.10710503906011581
2017-05-02T07:20:08+00:00,50.776634,6.929342,0.06146163493394852
2017-05-02T07:20:10+00:00,50.776527,6.929288,0.055639129132032394
2017-05-02T07:20:11+00:00,50.776478,6.929273,0.032420091331005096
2017-05-02T07:20:13+00:00,50.776374,6.929385,0.046757787466049194
2017-05-02T07:20:15+00:00,50.776293,6.929535,0.04627258703112602
2017-05-02T07:20:17+00:00,50.776100,6.929646,0.050097495317459106
2017-05-02T07:20:19+00:00,50.775917,6.929803,0.09888511896133423
2017-05-02T07:20:21+00:00,50.775682,6.929966,0.06951630115509033
2017-05-02T07:20:23+00:00,50.775461,6.930110,0.06567329168319702
2017-05-02T07:20:25+00:00,50.775247,6.930280,0.06453830748796463
2017-05-02T07:20:26+00:00,50.775125,6.930385,0.05655909329652786
2017-05-02T07:20:27+00:00,50.775018,6.930484,0.03912213444709778
2017-05-02T07:20:29+00:00,50.774809,6.930704,0.04341927543282509
2017-05-02T07:20:30+00:00,50.774698,6.930829,0.05168597772717476
2017-05-02T07:20:32+00:00,50.774478,6.931056,0.038488052785396576
2017-05-02T07:20:33+00:00,50.774368,6.931174,0.07505835592746735
2017-05-02T07:20:35+00:00,50.774153,6.931433,0.08288717269897461
2017-05-02T07:20:36+00:00,50.774055,6.931576,0.08223731815814972
2017-05-02T07:20:37+00:00,50.773970,6.931711,0.07847122848033905
2017-05-02T07:20:39+00:00,50.773807,6.931985,0.07577654719352722
2017-05-02T07:20:40+00:00,50.773747,6.932093,0.06466521322727203
2017-05-02T07:20:42+00:00,50.773652,6.932271,0.07165082544088364
2017-05-02T07:20:43+00:00,50.773626,6.932304,0.07702699303627014
2017-05-02T07:20:45+00:00,50.773600,6.932335,0.08036307245492935
2017-05-02T07:20:47+00:00,50.773604,6.932347,0.07540212571620941
2017-05-02T07:20:48+00:00,50.773606,6.932358,0.07667642831802368
2017-05-02T07:20:49+00:00,50.773607,6.932359,0.07527316361665726
2017-05-02T07:20:51+00:00,50.773607,6.932349,0.06929336488246918
2017-05-02T07:20:53+00:00,50.773622,6.932352,0.07918592542409897
2017-05-02T07:20:54+00:00,50.773622,6.932346,0.04798656702041626
2017-05-02T07:20:56+00:00,50.773625,6.932338,0.07179521769285202
2017-05-02T07:20:57+00:00,50.773625,6.932336,0.07651851326227188
2017-05-02T07:20:59+00:00,50.773635,6.932348,0.076131671667099
2017-05-02T07:21:00+00:00,50.773637,6.932356,0.0719529539346695
2017-05-02T07:21:02+00:00,50.773668,6.932354,0.07284977287054062
2017-05-02T07:21:03+00:00,50.773661,6.932350,0.07422959804534912
2017-05-02T07:21:05+00:00,50.773668,6.932365,0.07370995730161667
2017-05-02T07:21:07+00:00,50.773684,6.932340,0.07562283426523209
2017-05-02T07:21:09+00:00,50.773676,6.932342,0.0799936056137085
2017-05-02T07:21:10+00:00,50.773675,6.932333,0.08352880924940109
2017-05-02T07:21:12+00:00,50.773675,6.932319,0.07409796118736267
2017-05-02T07:21:13+00:00,50.773676,6.932312,0.0731857419013977
2017-05-02T07:21:14+00:00,50.773678,6.932317,0.07304725795984268
2017-05-02T07:21:16+00:00,50.773656,6.932321,0.07712167501449585
2017-05-02T07:21:18+00:00,50.773658,6.932312,0.06269963085651398
2017-05-02T07:21:20+00:00,50.773669,6.932311,0.07064355164766312
2017-05-02T07:21:21+00:00,50.773670,6.932310,0.0332341194152832
2017-05-02T07:21:23+00:00,50.773671,6.932314,0.023164471611380577
2017-05-02T07:21:24+00:00,50.773677,6.932312,0.060197535902261734
2017-05-02T07:21:26+00:00,50.773678,6.932310,0.09778526425361633
2017-05-02T07:21:28+00:00,50.773672,6.932308,0.16925901174545288
2017-05-02T07:21:30+00:00,50.773673,6.932311,0.05069347843527794
2017-05-02T07:21:31+00:00,50.773665,6.932318,0.05109325796365738
2017-05-02T07:21:33+00:00,50.773636,6.932451,0.09429587423801422
2017-05-02T07:21:35+00:00,50.773667,6.932582,0.043395739048719406
2017-05-02T07:21:36+00:00,50.773711,6.932642,0.05761350691318512
2017-05-02T07:21:37+00:00,50.773756,6.932718,0.06557399779558182
2017-05-02T07:21:39+00:00,50.773981,6.932845,0.06547050178050995
2017-05-02T07:21:40+00:00,50.774095,6.932924,0.09097694605588913
2017-05-02T07:21:42+00:00,50.774312,6.933098,0.030807841569185257
2017-05-02T07:21:44+00:00,50.774579,6.933291,0.053753867745399475
2017-05-02T07:21:46+00:00,50.774858,6.933506,0.13958534598350525
2017-05-02T07:21:47+00:00,50.774989,6.933632,0.15642046928405762
2017-05-02T07:21:49+00:00,50.775288,6.933892,0.09320399165153503
2017-05-02T07:21:51+00:00,50.775589,6.934156,0.09487750381231308
2017-05-02T07:21:52+00:00,50.775743,6.934309,0.16554830968379974
2017-05-02T07:21:53+00:00,50.775893,6.934453,0.09248234331607819
2017-05-02T07:21:55+00:00,50.776189,6.934784,0.16467000544071198
2017-05-02T07:21:56+00:00,50.776330,6.934953,0.1410170942544937
2017-05-02T07:21:58+00:00,50.776600,6.935294,0.0960717424750328
2017-05-02T07:21:59+00:00,50.776726,6.935483,0.10117170214653015
2017-05-02T07:22:00+00:00,50.776849,6.935665,0.08805793523788452
2017-05-02T07:22:02+00:00,50.777109,6.936129,0.06794633716344833
2017-05-02T07:22:03+00:00,50.777227,6.936356,0.04916772246360779
2017-05-02T07:22:05+00:00,50.777502,6.936793,0.04260803386569023
2017-05-02T07:22:07+00:00,50.777756,6.937270,0.03971460834145546
2017-05-02T07:22:09+00:00,50.778030,6.937714,0.04393360763788223
2017-05-02T07:22:10+00:00,50.778160,6.937956,0.05185713246464729
2017-05-02T07:22:12+00:00,50.778421,6.938421,0.05080223083496094
2017-05-02T07:22:14+00:00,50.778667,6.938904,0.052662719041109085
2017-05-02T07:22:16+00:00,50.778909,6.939393,0.05447782576084137
2017-05-02T07:22:17+00:00,50.779034,6.939645,0.0556202195584774
2017-05-02T07:22:18+00:00,50.779146,6.939898,0.03262629732489586
2017-05-02T07:22:20+00:00,50.779362,6.940456,0.07851001620292664
2017-05-02T07:22:21+00:00,50.779477,6.940743,0.07254964858293533
2017-05-02T07:22:23+00:00,50.779697,6.941325,0.057834506034851074
2017-05-02T07:22:24+00:00,50.779792,6.941624,0.052454281598329544
2017-05-02T07:22:25+00:00,50.779907,6.941922,0.06328090280294418
2017-05-02T07:22:27+00:00,50.780126,6.942517,0.051049649715423584
2017-05-02T07:22:28+00:00,50.780240,6.942814,0.06299825012683868
2017-05-02T07:22:30+00:00,50.780491,6.943406,0.03641366958618164
2017-05-02T07:22:31+00:00,50.780602,6.943719,0.03949545696377754
2017-05-02T07:22:32+00:00,50.780726,6.944008,0.04865139722824097
2017-05-02T07:22:34+00:00,50.780964,6.944591,0.07086873054504395
2017-05-02T07:22:35+00:00,50.781088,6.944876,0.044192783534526825
2017-05-02T07:22:37+00:00,50.781348,6.945458,0.06349252164363861
2017-05-02T07:22:39+00:00,50.781620,6.945988,0.055556926876306534
2017-05-02T07:22:40+00:00,50.781748,6.946250,0.06593326479196548
2017-05-02T07:22:42+00:00,50.782006,6.946749,0.04576103016734123
2017-05-02T07:22:43+00:00,50.782134,6.946979,0.06753665208816528
2017-05-02T07:22:45+00:00,50.782386,6.947410,0.07148025184869766
2017-05-02T07:22:47+00:00,50.782608,6.947821,0.05984130874276161
2017-05-02T07:22:48+00:00,50.782709,6.948019,0.044741105288267136
2017-05-02T07:22:50+00:00,50.782870,6.948465,0.05620603635907173
2017-05-02T07:22:51+00:00,50.782960,6.948670,0.060484517365694046
2017-05-02T07:22:53+00:00,50.783133,6.949098,0.03045826591551304
2017-05-02T07:22:55+00:00,50.783266,6.949556,0.035403065383434296
2017-05-02T07:22:56+00:00,50.783332,6.949784,0.07111845165491104
2017-05-02T07:22:58+00:00,50.783442,6.950241,0.08130667358636856
2017-05-02T07:22:59+00:00,50.783494,6.950468,0.06571827083826065
2017-05-02T07:23:01+00:00,50.783558,6.950942,0.043057698756456375
2017-05-02T07:23:03+00:00,50.783637,6.951394,0.021607760339975357
2017-05-02T07:23:04+00:00,50.783671,6.951627,0.02156253159046173
2017-05-02T07:23:06+00:00,50.783738,6.952084,0.046824123710393906
2017-05-02T07:23:08+00:00,50.783803,6.952502,0.03115440346300602
2017-05-02T07:23:10+00:00,50.783862,6.952941,0.06314459443092346
2017-05-02T07:23:11+00:00,50.783885,6.953139,0.03858380392193794
2017-05-02T07:23:13+00:00,50.783929,6.953526,0.03208893910050392
2017-05-02T07:23:14+00:00,50.783944,6.953699,0.04071720689535141
2017-05-02T07:23:16+00:00,50.783960,6.953925,0.02476099319756031
2017-05-02T07:23:18+00:00,50.783961,6.954013,0.02832896076142788
2017-05-02T07:23:20+00:00,50.783944,6.954015,0.05612984672188759
2017-05-02T07:23:22+00:00,50.783965,6.954038,0.0507594533264637
2017-05-02T07:23:24+00:00,50.783986,6.954099,0.050448764115571976
2017-05-02T07:23:25+00:00,50.783997,6.954148,0.04129577800631523
2017-05-02T07:23:26+00:00,50.784031,6.954205,0.018366778269410133
2017-05-02T07:23:28+00:00,50.784169,6.954283,0.12385916709899902
2017-05-02T07:23:29+00:00,50.784244,6.954339,0.03601599112153053
2017-05-02T07:23:30+00:00,50.784325,6.954396,0.03600214794278145
2017-05-02T07:23:32+00:00,50.784500,6.954541,0.1283353567123413
2017-05-02T07:23:33+00:00,50.784589,6.954622,0.025270091369748116
2017-05-02T07:23:35+00:00,50.784795,6.954796,0.024555690586566925
2017-05-02T07:23:37+00:00,50.785005,6.955011,0.06472079455852509
2017-05-02T07:23:39+00:00,50.785224,6.955233,0.061696480959653854
2017-05-02T07:23:40+00:00,50.785339,6.955334,0.07893320918083191
2017-05-02T07:23:42+00:00,50.785579,6.955554,0.03766973316669464
2017-05-02T07:23:44+00:00,50.785800,6.955765,0.05473969504237175
2017-05-02T07:23:46+00:00,50.786070,6.955907,0.03698854520916939
2017-05-02T07:23:47+00:00,50.786206,6.955934,0.04910402372479439
2017-05-02T07:23:49+00:00,50.786489,6.955991,0.037905074656009674
2017-05-02T07:23:50+00:00,50.786622,6.956019,0.053726039826869965
2017-05-02T07:23:51+00:00,50.786761,6.956047,0.04715631902217865
2017-05-02T07:23:53+00:00,50.787039,6.956083,0.05361355096101761
2017-05-02T07:23:54+00:00,50.787178,6.956089,0.04927089065313339
2017-05-02T07:23:56+00:00,50.787476,6.956102,0.08537285774946213
2017-05-02T07:23:58+00:00,50.787764,6.956120,0.08106699585914612
2017-05-02T07:24:00+00:00,50.788057,6.956126,0.048154350370168686
2017-05-02T07:24:01+00:00,50.788198,6.956135,0.0477803498506546
2017-05-02T07:24:03+00:00,50.788466,6.956151,0.04914753511548042
2017-05-02T07:24:05+00:00,50.788731,6.956172,0.07540653645992279
2017-05-02T07:24:06+00:00,50.788860,6.956183,0.0400269590318203
2017-05-02T07:24:08+00:00,50.789114,6.956195,0.08328232169151306
2017-05-02T07:24:09+00:00,50.789243,6.956199,0.11073659360408783
2017-05-02T07:24:11+00:00,50.789484,6.956214,0.07652369141578674
2017-05-02T07:24:13+00:00,50.789719,6.956277,0.07132244110107422
2017-05-02T07:24:15+00:00,50.789865,6.956309,0.05604293942451477
2017-05-02T07:24:16+00:00,50.789920,6.956321,0.05384279787540436
2017-05-02T07:24:18+00:00,50.790006,6.956347,0.04696202278137207
2017-05-02T07:24:20+00:00,50.790045,6.956364,0.0667719915509224
2017-05-02T07:24:22+00:00,50.790083,6.956377,0.06913337856531143
2017-05-02T07:24:23+00:00,50.790112,6.956379,0.03973248973488808
2017-05-02T07:24:25+00:00,50.790189,6.956388,0.06567206978797913
2017-05-02T07:24:27+00:00,50.790269,6.956425,0.09628234803676605
2017-05-02T07:24:29+00:00,50.790315,6.956531,0.020576849579811096
2017-05-02T07:24:30+00:00,50.790332,6.956627,0.050633594393730164
2017-05-02T07:24:32+00:00,50.790367,6.956857,0.04033728688955307
2017-05-02T07:24:34+00:00,50.790451,6.957157,0.06091829016804695
2017-05-02T07:24:36+00:00,50.790535,6.957472,0.08111569285392761
2017-05-02T07:24:37+00:00,50.790580,6.957637,0.09326472878456116
2017-05-02T07:24:39+00:00,50.790690,6.957992,0.07947935163974762
2017-05-02T07:24:41+00:00,50.790790,6.958353,0.027631346136331558
2017-05-02T07:24:43+00:00,50.790894,6.958703,0.09754964709281921
2017-05-02T07:24:44+00:00,50.790947,6.958888,0.07436805963516235
2017-05-02T07:24:46+00:00,50.791054,6.959262,0.10051281750202179
2017-05-02T07:24:48+00:00,50.791170,6.959654,0.12037008255720139
2017-05-02T07:24:50+00:00,50.791307,6.960075,0.21764986217021942
2017-05-02T07:24:51+00:00,50.791370,6.960285,0.18436329066753387
2017-05-02T07:24:53+00:00,50.791509,6.960720,0.18948589265346527
2017-05-02T07:24:55+00:00,50.791623,6.961149,0.18016257882118225
2017-05-02T07:24:56+00:00,50.791659,6.961358,0.07302768528461456
2017-05-02T07:24:58+00:00,50.791698,6.961786,0.2224564105272293
2017-05-02T07:24:59+00:00,50.791714,6.962006,0.06633500754833221
2017-05-02T07:25:01+00:00,50.791798,6.962390,0.09265000373125076
2017-05-02T07:25:03+00:00,50.791939,6.962707,0.08821217715740204
2017-05-02T07:25:04+00:00,50.792018,6.962875,0.03324996680021286
2017-05-02T07:25:06+00:00,50.792155,6.963220,0.05869727581739426
2017-05-02T07:25:08+00:00,50.792295,6.963598,0.03688398748636246
2017-05-02T07:25:10+00:00,50.792419,6.964022,0.05392377823591232
2017-05-02T07:25:12+00:00,50.792488,6.964509,0.14246392250061035
2017-05-02T07:25:13+00:00,50.792526,6.964791,0.12568525969982147
2017-05-02T07:25:15+00:00,50.792572,6.965280,0.0973731130361557
2017-05-02T07:25:17+00:00,50.792599,6.965763,0.10543633252382278
2017-05-02T07:25:19+00:00,50.792629,6.966286,0.12018167972564697
2017-05-02T07:25:20+00:00,50.792650,6.966551,0.08936624228954315
2017-05-02T07:25:22+00:00,50.792696,6.967079,0.062214430421590805
2017-05-02T07:25:23+00:00,50.792721,6.967327,0.053922947496175766
2017-05-02T07:25:24+00:00,50.792738,6.967595,0.0906856507062912
2017-05-02T07:25:26+00:00,50.792752,6.968135,0.04561937227845192
2017-05-02T07:25:28+00:00,50.792763,6.968695,0.06337546557188034
2017-05-02T07:25:30+00:00,50.792791,6.969270,0.08363621681928635
2017-05-02T07:25:31+00:00,50.792807,6.969549,0.12035240232944489
2017-05-02T07:25:33+00:00,50.792842,6.970103,0.05807941034436226
2017-05-02T07:25:35+00:00,50.792913,6.970664,0.03915209695696831
2017-05-02T07:25:36+00:00,50.792948,6.970938,0.04762778803706169
2017-05-02T07:25:38+00:00,50.793030,6.971482,0.07469619810581207
2017-05-02T07:25:39+00:00,50.793089,6.971746,0.06691277027130127
2017-05-02T07:25:41+00:00,50.793216,6.972264,0.07074438780546188
2017-05-02T07:25:42+00:00,50.793298,6.972492,0.08720814436674118
2017-05-02T07:25:44+00:00,50.793484,6.972956,0.08092821389436722
2017-05-02T07:25:45+00:00,50.793597,6.973143,0.07376006245613098
2017-05-02T07:25:47+00:00,50.793833,6.973558,0.029812414199113846
2017-05-02T07:25:49+00:00,50.794084,6.973958,0.065865159034729
2017-05-02T07:25:51+00:00,50.794337,6.974338,0.12284331023693085
2017-05-02T07:25:52+00:00,50.794476,6.974535,0.06956229358911514
2017-05-02T07:25:54+00:00,50.794729,6.974930,0.0718531385064125
2017-05-02T07:25:56+00:00,50.794985,6.975324,0.0707857757806778
2017-05-02T07:25:57+00:00,50.795124,6.975511,0.06290854513645172
2017-05-02T07:25:59+00:00,50.795402,6.975896,0.029505880549550056
2017-05-02T07:26:01+00:00,50.795631,6.976273,0.06342104077339172
2017-05-02T07:26:02+00:00,50.795777,6.976469,0.047773879021406174
2017-05-02T07:26:04+00:00,50.796043,6.976878,0.04094730317592621
2017-05-02T07:26:06+00:00,50.796244,6.977278,0.04617556184530258
2017-05-02T07:26:08+00:00,50.796436,6.977701,0.05123769864439964
2017-05-02T07:26:10+00:00,50.796641,6.978139,0.05338473990559578
2017-05-02T07:26:12+00:00,50.796850,6.978558,0.05525802820920944
2017-05-02T07:26:13+00:00,50.796935,6.978779,0.05243486911058426
2017-05-02T07:26:15+00:00,50.797124,6.979211,0.06092441454529762
2017-05-02T07:26:17+00:00,50.797285,6.979665,0.029402395710349083
2017-05-02T07:26:18+00:00,50.797372,6.979915,0.03147216886281967
2017-05-02T07:26:19+00:00,50.797450,6.980158,0.037592630833387375
2017-05-02T07:26:20+00:00,50.797525,6.980403,0.05030597373843193
2017-05-02T07:26:22+00:00,50.797660,6.980864,0.026866162195801735
2017-05-02T07:26:24+00:00,50.797816,6.981320,0.04346173629164696
2017-05-02T07:26:26+00:00,50.797990,6.981745,0.024032369256019592
2017-05-02T07:26:28+00:00,50.798211,6.982136,0.05963084101676941
2017-05-02T07:26:30+00:00,50.798474,6.982470,0.030500611290335655
2017-05-02T07:26:32+00:00,50.798753,6.982731,0.021287627518177032
2017-05-02T07:26:34+00:00,50.799041,6.982969,0.02802909165620804
2017-05-02T07:26:35+00:00,50.799189,6.983110,0.0275820754468441
2017-05-02T07:26:37+00:00,50.799493,6.983378,0.0398414172232151
2017-05-02T07:26:39+00:00,50.799775,6.983644,0.03582771122455597
2017-05-02T07:26:40+00:00,50.799898,6.983766,0.02678043022751808
2017-05-02T07:26:41+00:00,50.800030,6.983885,0.03607505187392235
2017-05-02T07:26:43+00:00,50.800288,6.984132,0.04347151890397072
2017-05-02T07:26:44+00:00,50.800403,6.984263,0.032033681869506836
2017-05-02T07:26:46+00:00,50.800639,6.984540,0.04141766205430031
2017-05-02T07:26:48+00:00,50.800803,6.984854,0.030905768275260925
2017-05-02T07:26:49+00:00,50.800903,6.984995,0.06915058940649033
2017-05-02T07:26:51+00:00,50.801114,6.985308,0.04482312127947807
2017-05-02T07:26:52+00:00,50.801205,6.985468,0.10002695024013519
2017-05-02T07:26:53+00:00,50.801267,6.985631,0.061742186546325684
2017-05-02T07:26:55+00:00,50.801402,6.985955,0.07763683050870895
2017-05-02T07:26:56+00:00,50.801478,6.986118,0.05262656509876251
2017-05-02T07:26:58+00:00,50.801632,6.986445,0.04176229238510132
2017-05-02T07:26:59+00:00,50.801720,6.986593,0.06535981595516205
2017-05-02T07:27:01+00:00,50.801884,6.986909,0.04293264076113701
2017-05-02T07:27:03+00:00,50.802036,6.987204,0.061964984983205795
2017-05-02T07:27:04+00:00,50.802109,6.987363,0.08322267979383469
2017-05-02T07:27:06+00:00,50.802288,6.987658,0.06976092606782913
2017-05-02T07:27:08+00:00,50.802450,6.987976,0.05818897858262062
2017-05-02T07:27:10+00:00,50.802617,6.988286,0.050117138773202896
2017-05-02T07:27:12+00:00,50.802775,6.988544,0.026407314464449883
2017-05-02T07:27:13+00:00,50.802805,6.988659,0.07148516178131104
2017-05-02T07:27:15+00:00,50.802862,6.988785,0.049274928867816925
2017-05-02T07:27:17+00:00,50.802885,6.988843,0.0727585107088089
2017-05-02T07:27:19+00:00,50.802913,6.988877,0.04787231236696243
2017-05-02T07:27:20+00:00,50.802937,6.988915,0.04509562999010086
2017-05-02T07:27:22+00:00,50.802985,6.989008,0.039692457765340805
2017-05-02T07:27:24+00:00,50.803023,6.989148,0.11986763030290604
2017-05-02T07:27:26+00:00,50.803051,6.989316,0.12641596794128418
2017-05-02T07:27:27+00:00,50.803066,6.989431,0.1298067569732666
2017-05-02T07:27:28+00:00,50.803066,6.989556,0.08868590742349625
2017-05-02T07:27:30+00:00,50.803064,6.989797,0.12483678758144379
2017-05-02T07:27:31+00:00,50.803057,6.989893,0.12627476453781128
2017-05-02T07:27:33+00:00,50.803039,6.990002,0.10638098418712616
2017-05-02T07:27:35+00:00,50.803037,6.990009,0.08151865750551224
2017-05-02T07:27:37+00:00,50.803035,6.990026,0.07920853048563004
2017-05-02T07:27:38+00:00,50.803030,6.990024,0.08131416887044907
2017-05-02T07:27:40+00:00,50.803009,6.990027,0.10174523293972015
2017-05-02T07:27:42+00:00,50.802998,6.990019,0.09622199088335037
2017-05-02T07:27:44+00:00,50.803000,6.990036,0.0793585404753685
2017-05-02T07:27:46+00:00,50.802994,6.990048,0.1456088274717331
2017-05-02T07:27:47+00:00,50.802995,6.990053,0.15010690689086914
2017-05-02T07:27:49+00:00,50.802998,6.990042,0.13667908310890198
2017-05-02T07:27:51+00:00,50.803003,6.990040,0.1446545273065567
2017-05-02T07:27:53+00:00,50.803005,6.990031,0.1447845697402954
2017-05-02T07:27:54+00:00,50.803011,6.990025,0.14004267752170563
2017-05-02T07:27:55+00:00,50.803016,6.990013,0.13328605890274048
2017-05-02T07:27:57+00:00,50.803029,6.990003,0.15517942607402802
2017-05-02T07:27:59+00:00,50.803037,6.990015,0.14849764108657837
2017-05-02T07:28:01+00:00,50.803034,6.989998,0.1124594584107399
2017-05-02T07:28:02+00:00,50.803040,6.989995,0.13359253108501434
2017-05-02T07:28:04+00:00,50.803049,6.989983,0.13948050141334534
2017-05-02T07:28:06+00:00,50.803043,6.989979,0.12152236700057983
2017-05-02T07:28:08+00:00,50.803043,6.989984,0.15316106379032135
2017-05-02T07:28:09+00:00,50.803047,6.989979,0.15060430765151978
2017-05-02T07:28:10+00:00,50.803052,6.989988,0.15224187076091766
2017-05-02T07:28:12+00:00,50.803103,6.989970,0.1207491010427475
2017-05-02T07:28:14+00:00,50.803097,6.989978,0.14841915667057037
2017-05-02T07:28:16+00:00,50.803097,6.989985,0.14648839831352234
2017-05-02T07:28:17+00:00,50.803090,6.989996,0.08478451520204544
2017-05-02T07:28:19+00:00,50.803073,6.990010,0.046248361468315125
2017-05-02T07:28:21+00:00,50.803069,6.990018,0.07315535843372345
2017-05-02T07:28:23+00:00,50.803069,6.990010,0.07551200687885284
2017-05-02T07:28:24+00:00,50.803065,6.990011,0.09147220849990845
2017-05-02T07:28:26+00:00,50.803069,6.990019,0.06374610960483551
2017-05-02T07:28:27+00:00,50.803066,6.990015,0.046970099210739136
2017-05-02T07:28:28+00:00,50.803060,6.990021,0.07086892426013947
2017-05-02T07:28:30+00:00,50.803059,6.990095,0.128904327750206
2017-05-02T07:28:31+00:00,50.803057,6.990168,0.07781045883893967
2017-05-02T07:28:33+00:00,50.803167,6.990328,0.08515889942646027
2017-05-02T07:28:35+00:00,50.803352,6.990405,0.08182192593812943
2017-05-02T07:28:37+00:00,50.803566,6.990439,0.06388597935438156
2017-05-02T07:28:39+00:00,50.803814,6.990380,0.053889255970716476
2017-05-02T07:28:41+00:00,50.804099,6.990396,0.032469697296619415
2017-05-02T07:28:42+00:00,50.804218,6.990393,0.07854290306568146
2017-05-02T07:28:43+00:00,50.804367,6.990412,0.02674764022231102
2017-05-02T07:28:45+00:00,50.804650,6.990427,0.05698137357831001
2017-05-02T07:28:46+00:00,50.804805,6.990443,0.08756052702665329
2017-05-02T07:28:48+00:00,50.805123,6.990472,0.06971084326505661
2017-05-02T07:28:49+00:00,50.805269,6.990501,0.07435613125562668
2017-05-02T07:28:51+00:00,50.805562,6.990554,0.10388486087322235
2017-05-02T07:28:53+00:00,50.805849,6.990576,0.15276996791362762
2017-05-02T07:28:55+00:00,50.806118,6.990625,0.12421940267086029
2017-05-02T07:28:56+00:00,50.806238,6.990655,0.17306232452392578
2017-05-02T07:28:58+00:00,50.806466,6.990691,0.07076530903577805
2017-05-02T07:29:00+00:00,50.806640,6.990814,0.040779851377010345
2017-05-02T07:29:02+00:00,50.806716,6.991024,0.03365687280893326
2017-05-02T07:29:04+00:00,50.806743,6.991345,0.016558503732085228
2017-05-02T07:29:06+00:00,50.806719,6.991774,0.03685295209288597
2017-05-02T07:29:07+00:00,50.806692,6.992015,0.05174262076616287
2017-05-02T07:29:09+00:00,50.806597,6.992546,0.09999518096446991
2017-05-02T07:29:10+00:00,50.806537,6.992849,0.09498100727796555
2017-05-02T07:29:12+00:00,50.806336,6.993537,0.0799441859126091
2017-05-02T07:29:14+00:00,50.806103,6.994210,0.09019045531749725
2017-05-02T07:29:16+00:00,50.805769,6.994859,0.05840129777789116
2017-05-02T07:29:17+00:00,50.805572,6.995184,0.0959082692861557
2017-05-02T07:29:19+00:00,50.805183,6.995801,0.09758219867944717
2017-05-02T07:29:20+00:00,50.804991,6.996101,0.12019366770982742
2017-05-02T07:29:21+00:00,50.804801,6.996398,0.08830486238002777
2017-05-02T07:29:23+00:00,50.804418,6.996985,0.21005849540233612
2017-05-02T07:29:24+00:00,50.804216,6.997270,0.076867014169693
2017-05-02T07:29:26+00:00,50.803819,6.997815,0.14864666759967804
2017-05-02T07:29:28+00:00,50.803419,6.998312,0.03700507804751396
2017-05-02T07:29:29+00:00,50.803213,6.998549,0.189204141497612
2017-05-02T07:29:30+00:00,50.803004,6.998783,0.12769533693790436
2017-05-02T07:29:32+00:00,50.802590,6.999239,0.26133182644844055
2017-05-02T07:29:34+00:00,50.802161,6.999679,0.17274923622608185
2017-05-02T07:29:35+00:00,50.801934,6.999886,0.22203269600868225
2017-05-02T07:29:37+00:00,50.801497,7.000296,0.09661155194044113
2017-05-02T07:29:38+00:00,50.801276,7.000491,0.1352916657924652
2017-05-02T07:29:39+00:00,50.801053,7.000686,0.2360314428806305
2017-05-02T07:29:41+00:00,50.800603,7.001043,0.1941397786140442
2017-05-02T07:29:42+00:00,50.800378,7.001213,0.2286364883184433
2017-05-02T07:29:44+00:00,50.799935,7.001566,0.26128247380256653
2017-05-02T07:29:46+00:00,50.799496,7.001907,0.20403483510017395
2017-05-02T07:29:48+00:00,50.799072,7.002248,0.11424067616462708
2017-05-02T07:29:49+00:00,50.798860,7.002416,0.27990618348121643
2017-05-02T07:29:51+00:00,50.798439,7.002750,0.3742316961288452
2017-05-02T07:29:52+00:00,50.798227,7.002918,0.17228880524635315
2017-05-02T07:29:54+00:00,50.797791,7.003247,0.170552596449852
2017-05-02T07:29:55+00:00,50.797591,7.003417,0.1439644694328308
2017-05-02T07:29:56+00:00,50.797371,7.003590,0.21649852395057678
2017-05-02T07:29:58+00:00,50.796948,7.003928,0.205120250582695
2017-05-02T07:29:59+00:00,50.796731,7.004084,0.15073712170124054
2017-05-02T07:30:01+00:00,50.796290,7.004420,0.251318097114563
2017-05-02T07:30:02+00:00,50.796082,7.004581,0.15499646961688995
2017-05-02T07:30:03+00:00,50.795859,7.004742,0.2108195722103119
2017-05-02T07:30:05+00:00,50.795446,7.005069,0.18775410950183868
2017-05-02T07:30:07+00:00,50.795024,7.005397,0.2411687970161438
2017-05-02T07:30:09+00:00,50.794578,7.005725,0.13793358206748962
2017-05-02T07:30:11+00:00,50.794149,7.006058,0.2271159589290619
2017-05-02T07:30:12+00:00,50.793936,7.006224,0.1957237869501114
2017-05-02T07:30:14+00:00,50.793496,7.006559,0.30974942445755005
2017-05-02T07:30:15+00:00,50.793288,7.006733,0.28311973810195923
2017-05-02T07:30:17+00:00,50.792871,7.007065,0.25849273800849915
2017-05-02T07:30:19+00:00,50.792462,7.007392,0.35549408197402954
2017-05-02T07:30:20+00:00,50.792251,7.007560,0.16256649792194366
2017-05-02T07:30:22+00:00,50.791830,7.007888,0.23871546983718872
2017-05-02T07:30:23+00:00,50.791619,7.008056,0.07982022315263748
2017-05-02T07:30:25+00:00,50.791193,7.008409,0.047623325139284134
2017-05-02T07:30:27+00:00,50.790763,7.008747,0.25105348229408264
2017-05-02T07:30:28+00:00,50.790549,7.008909,0.19001545011997223
2017-05-02T07:30:30+00:00,50.790131,7.009244,0.08647415041923523
2017-05-02T07:30:31+00:00,50.789913,7.009410,0.1360451877117157
2017-05-02T07:30:33+00:00,50.789489,7.009737,0.07896918803453445
2017-05-02T07:30:34+00:00,50.789267,7.009894,0.18254689872264862
2017-05-02T07:30:36+00:00,50.788831,7.010243,0.12970596551895142
2017-05-02T07:30:37+00:00,50.788617,7.010415,0.11030223965644836
2017-05-02T07:30:39+00:00,50.788196,7.010733,0.11238732933998108
2017-05-02T07:30:41+00:00,50.787777,7.011082,0.09351769089698792
2017-05-02T07:30:43+00:00,50.787360,7.011454,0.11700698733329773
2017-05-02T07:30:44+00:00,50.787127,7.011641,0.16540701687335968
2017-05-02T07:30:46+00:00,50.786680,7.012009,0.21029269695281982
2017-05-02T07:30:48+00:00,50.786222,7.012375,0.08262816816568375
2017-05-02T07:30:49+00:00,50.785982,7.012559,0.11399772018194199
2017-05-02T07:30:51+00:00,50.785507,7.012926,0.2137584090232849
2017-05-02T07:30:53+00:00,50.785024,7.013294,0.18169470131397247
2017-05-02T07:30:55+00:00,50.784554,7.013663,0.249718576669693
2017-05-02T07:30:57+00:00,50.784078,7.014040,0.06354749947786331
2017-05-02T07:30:59+00:00,50.783605,7.014416,0.2939871549606323
2017-05-02T07:31:00+00:00,50.783366,7.014599,0.3043457865715027
2017-05-02T07:31:02+00:00,50.782889,7.014966,0.21986685693264008
2017-05-02T07:31:04+00:00,50.782422,7.015336,0.21456490457057953
2017-05-02T07:31:05+00:00,50.782189,7.015514,0.26372525095939636
2017-05-02T07:31:07+00:00,50.781719,7.015859,0.215453639626503
2017-05-02T07:31:09+00:00,50.781238,7.016196,0.43478432297706604
2017-05-02T07:31:11+00:00,50.780792,7.016538,0.20475998520851135
2017-05-02T07:31:13+00:00,50.780360,7.016879,0.11323490738868713
2017-05-02T07:31:15+00:00,50.779928,7.017205,0.41951626539230347
2017-05-02T07:31:17+00:00,50.779508,7.017527,0.07905712723731995
2017-05-02T07:31:19+00:00,50.779068,7.017856,0.2798709571361542
2017-05-02T07:31:21+00:00,50.778645,7.018188,0.19658087193965912
2017-05-02T07:31:23+00:00,50.778207,7.018546,0.21186041831970215
2017-05-02T07:31:24+00:00,50.777994,7.018724,0.24019497632980347
2017-05-02T07:31:26+00:00,50.777562,7.019060,0.28602662682533264
2017-05-02T07:31:27+00:00,50.777349,7.019212,0.2728758454322815
2017-05-02T07:31:29+00:00,50.776929,7.019531,0.06916910409927368
2017-05-02T07:31:31+00:00,50.776498,7.019861,0.15428854525089264
2017-05-02T07:31:32+00:00,50.776285,7.020024,0.17489093542099
2017-05-02T07:31:34+00:00,50.775863,7.020357,0.3498259484767914
2017-05-02T07:31:35+00:00,50.775655,7.020517,0.23064565658569336
2017-05-02T07:31:36+00:00,50.775441,7.020685,0.1956511288881302
2017-05-02T07:31:38+00:00,50.775010,7.021015,0.4504551887512207
2017-05-02T07:31:39+00:00,50.774797,7.021192,0.21619832515716553
2017-05-02T07:31:41+00:00,50.774363,7.021513,0.2072245180606842
2017-05-02T07:31:42+00:00,50.774148,7.021676,0.49858778715133667
2017-05-02T07:31:43+00:00,50.773932,7.021833,0.3263939619064331
2017-05-02T07:31:45+00:00,50.773488,7.022164,0.34433645009994507
2017-05-02T07:31:46+00:00,50.773275,7.022329,0.2736034393310547
2017-05-02T07:31:48+00:00,50.772840,7.022673,0.2456687092781067
2017-05-02T07:31:50+00:00,50.772418,7.023004,0.3880694806575775
2017-05-02T07:31:52+00:00,50.771992,7.023331,0.2762344181537628
2017-05-02T07:31:54+00:00,50.771577,7.023670,0.2919503450393677
2017-05-02T07:31:56+00:00,50.771156,7.024003,0.32034265995025635
2017-05-02T07:31:57+00:00,50.770939,7.024171,0.4694400131702423
2017-05-02T07:31:59+00:00,50.770517,7.024531,0.44242289662361145
2017-05-02T07:32:01+00:00,50.770099,7.024865,0.3156161308288574
2017-05-02T07:32:03+00:00,50.769678,7.025224,0.46824580430984497
2017-05-02T07:32:05+00:00,50.769263,7.025591,0.41824984550476074
2017-05-02T07:32:07+00:00,50.768851,7.025976,0.34358373284339905
2017-05-02T07:32:09+00:00,50.768451,7.026342,0.20745109021663666
2017-05-02T07:32:11+00:00,50.768036,7.026732,0.45236897468566895
2017-05-02T07:32:12+00:00,50.767828,7.026935,0.3313960134983063
2017-05-02T07:32:14+00:00,50.767421,7.027329,0.20002515614032745
2017-05-02T07:32:16+00:00,50.767017,7.027730,0.5185525417327881
2017-05-02T07:32:18+00:00,50.766626,7.028138,0.31536105275154114
2017-05-02T07:32:19+00:00,50.766430,7.028337,0.5958130955696106
2017-05-02T07:32:21+00:00,50.766026,7.028772,0.2860467731952667
2017-05-02T07:32:23+00:00,50.765640,7.029209,0.36407142877578735
2017-05-02T07:32:24+00:00,50.765446,7.029428,0.3357732594013214
2017-05-02T07:32:26+00:00,50.765072,7.029859,0.3662286400794983
2017-05-02T07:32:27+00:00,50.764879,7.030081,0.40639427304267883
2017-05-02T07:32:29+00:00,50.764515,7.030540,0.3240806460380554
2017-05-02T07:32:31+00:00,50.764139,7.031003,0.13902516663074493
2017-05-02T07:32:32+00:00,50.763947,7.031232,0.23818962275981903
2017-05-02T07:32:34+00:00,50.763576,7.031689,0.2691999077796936
2017-05-02T07:32:35+00:00,50.763391,7.031921,0.10428737848997116
2017-05-02T07:32:37+00:00,50.763026,7.032404,0.23442327976226807
2017-05-02T07:32:39+00:00,50.762666,7.032887,0.14481399953365326
2017-05-02T07:32:40+00:00,50.762476,7.033136,0.23767806589603424
2017-05-02T07:32:42+00:00,50.762120,7.033655,0.11391836404800415
2017-05-02T07:32:43+00:00,50.761931,7.033933,0.18858812749385834
2017-05-02T07:32:45+00:00,50.761545,7.034484,0.13701100647449493
2017-05-02T07:32:47+00:00,50.761139,7.035041,0.2694917321205139
2017-05-02T07:32:48+00:00,50.760932,7.035326,0.12545332312583923
2017-05-02T07:32:50+00:00,50.760524,7.035908,0.15270349383354187
2017-05-02T07:32:51+00:00,50.760331,7.036202,0.26271772384643555
2017-05-02T07:32:53+00:00,50.759932,7.036810,0.11615464836359024
2017-05-02T07:32:54+00:00,50.759742,7.037130,0.18341544270515442
2017-05-02T07:32:56+00:00,50.759361,7.037729,0.149246484041214
2017-05-02T07:32:57+00:00,50.759164,7.038039,0.18702225387096405
2017-05-02T07:32:59+00:00,50.758782,7.038641,0.16157999634742737
2017-05-02T07:33:01+00:00,50.758415,7.039253,0.12652026116847992
2017-05-02T07:33:03+00:00,50.758051,7.039897,0.26903036236763
2017-05-02T07:33:04+00:00,50.757869,7.040209,0.14327745139598846
2017-05-02T07:33:06+00:00,50.757520,7.040848,0.16441121697425842
2017-05-02T07:33:08+00:00,50.757171,7.041489,0.3354157507419586
2017-05-02T07:33:10+00:00,50.756837,7.042113,0.14182007312774658
2017-05-02T07:33:12+00:00,50.756535,7.042698,0.11780890077352524
2017-05-02T07:33:13+00:00,50.756386,7.042990,0.08397907018661499
2017-05-02T07:33:15+00:00,50.756095,7.043538,0.1428162306547165
2017-05-02T07:33:17+00:00,50.755826,7.044098,0.09552225470542908
2017-05-02T07:33:18+00:00,50.755693,7.044374,0.1971643716096878
2017-05-02T07:33:20+00:00,50.755410,7.044932,0.04695400595664978
2017-05-02T07:33:21+00:00,50.755269,7.045223,0.022401804104447365
2017-05-02T07:33:23+00:00,50.755010,7.045778,0.11988020688295364
2017-05-02T07:33:25+00:00,50.754753,7.046325,0.16725797951221466
2017-05-02T07:33:27+00:00,50.754510,7.046868,0.09918757528066635
2017-05-02T07:33:28+00:00,50.754392,7.047143,0.21670430898666382
2017-05-02T07:33:30+00:00,50.754163,7.047662,0.1423605978488922
2017-05-02T07:33:32+00:00,50.753959,7.048138,0.12973229587078094
2017-05-02T07:33:34+00:00,50.753766,7.048596,0.0932934507727623
2017-05-02T07:33:36+00:00,50.753598,7.049033,0.10549342632293701
2017-05-02T07:33:37+00:00,50.753517,7.049249,0.03977736458182335
2017-05-02T07:33:39+00:00,50.753342,7.049660,0.0980750247836113
2017-05-02T07:33:41+00:00,50.753170,7.050047,0.13162966072559357
2017-05-02T07:33:43+00:00,50.753011,7.050433,0.07771068066358566
2017-05-02T07:33:44+00:00,50.752940,7.050615,0.12488880008459091
2017-05-02T07:33:45+00:00,50.752862,7.050797,0.05398767814040184
2017-05-02T07:33:47+00:00,50.752717,7.051130,0.08456096798181534
2017-05-02T07:33:49+00:00,50.752602,7.051458,0.12621676921844482
2017-05-02T07:33:50+00:00,50.752526,7.051598,0.18295621871948242
2017-05-02T07:33:52+00:00,50.752413,7.051849,0.07146534323692322
2017-05-02T07:33:53+00:00,50.752351,7.051987,0.06154780834913254
2017-05-02T07:33:55+00:00,50.752241,7.052237,0.1070912554860115
2017-05-02T07:33:57+00:00,50.752131,7.052459,0.04589235037565231
2017-05-02T07:33:58+00:00,50.752081,7.052550,0.06627511233091354
2017-05-02T07:34:00+00:00,50.751996,7.052752,0.14689379930496216
2017-05-02T07:34:01+00:00,50.751958,7.052836,0.12194452434778214
2017-05-02T07:34:03+00:00,50.751881,7.053008,0.05643545836210251
2017-05-02T07:34:04+00:00,50.751836,7.053083,0.05916400998830795
2017-05-02T07:34:05+00:00,50.751810,7.053155,0.06144466623663902
2017-05-02T07:34:07+00:00,50.751737,7.053322,0.05670022591948509
2017-05-02T07:34:08+00:00,50.751700,7.053401,0.10366695374250412
2017-05-02T07:34:10+00:00,50.751643,7.053579,0.15450067818164825
2017-05-02T07:34:12+00:00,50.751571,7.053780,0.01765572652220726
2017-05-02T07:34:14+00:00,50.751490,7.054001,0.07288608700037003
2017-05-02T07:34:15+00:00,50.751451,7.054107,0.035862140357494354
2017-05-02T07:34:17+00:00,50.751372,7.054324,0.09195195883512497
2017-05-02T07:34:19+00:00,50.751291,7.054556,0.04933828487992287
2017-05-02T07:34:20+00:00,50.751258,7.054664,0.07328325510025024
2017-05-02T07:34:22+00:00,50.751174,7.054875,0.046943455934524536
2017-05-02T07:34:24+00:00,50.751111,7.055098,0.04219004511833191
2017-05-02T07:34:26+00:00,50.751042,7.055349,0.09009809792041779
2017-05-02T07:34:27+00:00,50.751007,7.055476,0.10241179168224335
2017-05-02T07:34:29+00:00,50.750947,7.055751,0.10002999752759933
2017-05-02T07:34:30+00:00,50.750905,7.055887,0.07261292636394501
2017-05-02T07:34:32+00:00,50.750812,7.056176,0.03976379707455635
2017-05-02T07:34:34+00:00,50.750720,7.056489,0.1313270926475525
2017-05-02T07:34:35+00:00,50.750679,7.056644,0.08628822863101959
2017-05-02T07:34:37+00:00,50.750602,7.056966,0.10418807715177536
2017-05-02T07:34:38+00:00,50.750553,7.057131,0.08992539346218109
2017-05-02T07:34:40+00:00,50.750481,7.057457,0.038225118070840836
2017-05-02T07:34:42+00:00,50.750416,7.057779,0.03453082963824272
2017-05-02T07:34:43+00:00,50.750387,7.057923,0.08386446535587311
2017-05-02T07:34:45+00:00,50.750319,7.058194,0.04751995578408241
2017-05-02T07:34:46+00:00,50.750285,7.058334,0.07261953502893448
2017-05-02T07:34:48+00:00,50.750216,7.058619,0.0742858499288559
2017-05-02T07:34:50+00:00,50.750151,7.058906,0.10430281609296799
2017-05-02T07:34:51+00:00,50.750106,7.059059,0.041803598403930664
2017-05-02T07:34:53+00:00,50.750020,7.059381,0.04535273462533951
2017-05-02T07:34:54+00:00,50.749993,7.059527,0.10263941437005997
2017-05-02T07:34:56+00:00,50.749941,7.059826,0.09721565991640091
2017-05-02T07:34:58+00:00,50.749877,7.060140,0.08580472320318222
2017-05-02T07:34:59+00:00,50.749837,7.060306,0.15249010920524597
2017-05-02T07:35:01+00:00,50.749745,7.060627,0.11730708181858063
2017-05-02T07:35:02+00:00,50.749696,7.060796,0.09041848033666611
2017-05-02T07:35:04+00:00,50.749644,7.061086,0.09999079257249832
2017-05-02T07:35:05+00:00,50.749611,7.061230,0.11752810329198837
2017-05-02T07:35:06+00:00,50.749573,7.061366,0.19727860391139984
2017-05-02T07:35:08+00:00,50.749522,7.061664,0.06686273217201233
2017-05-02T07:35:09+00:00,50.749504,7.061780,0.09137044847011566
2017-05-02T07:35:11+00:00,50.749464,7.062020,0.16894906759262085
2017-05-02T07:35:12+00:00,50.749442,7.062117,0.19391398131847382
2017-05-02T07:35:13+00:00,50.749434,7.062210,0.048305608332157135
2017-05-02T07:35:15+00:00,50.749374,7.062451,0.1380975842475891
2017-05-02T07:35:16+00:00,50.749345,7.062576,0.1424025446176529
2017-05-02T07:35:18+00:00,50.749289,7.062772,0.17312711477279663
2017-05-02T07:35:20+00:00,50.749254,7.063006,0.12499986588954926
2017-05-02T07:35:21+00:00,50.749228,7.063120,0.11002061516046524
2017-05-02T07:35:23+00:00,50.749174,7.063340,0.23312507569789886
2017-05-02T07:35:24+00:00,50.749150,7.063451,0.16308549046516418
2017-05-02T07:35:26+00:00,50.749090,7.063683,0.14299213886260986
2017-05-02T07:35:28+00:00,50.749048,7.063866,0.32050207257270813
2017-05-02T07:35:29+00:00,50.749024,7.063949,0.14321841299533844
2017-05-02T07:35:31+00:00,50.748973,7.064150,0.22467589378356934
2017-05-02T07:35:32+00:00,50.748973,7.064218,0.07026278972625732
2017-05-02T07:35:34+00:00,50.748935,7.064399,0.0489194318652153
2017-05-02T07:35:36+00:00,50.748899,7.064604,0.1184549331665039
2017-05-02T07:35:38+00:00,50.748843,7.064828,0.08329790085554123
2017-05-02T07:35:39+00:00,50.748829,7.064937,0.09834644943475723
2017-05-02T07:35:41+00:00,50.748787,7.065144,0.0979531928896904
2017-05-02T07:35:43+00:00,50.748746,7.065342,0.06872452795505524
2017-05-02T07:35:45+00:00,50.748692,7.065554,0.07960424572229385
2017-05-02T07:35:47+00:00,50.748635,7.065755,0.03424464911222458
2017-05-02T07:35:49+00:00,50.748567,7.065921,0.07958178967237473
2017-05-02T07:35:51+00:00,50.748528,7.066021,0.07108728587627411
2017-05-02T07:35:53+00:00,50.748509,7.066024,0.05960434302687645
2017-05-02T07:35:54+00:00,50.748509,7.066032,0.11350180208683014
2017-05-02T07:35:56+00:00,50.748500,7.066065,0.08595765382051468
2017-05-02T07:35:58+00:00,50.748508,7.066088,0.14099259674549103
2017-05-02T07:36:00+00:00,50.748514,7.066107,0.1677788943052292
2017-05-02T07:36:01+00:00,50.748517,7.066110,0.12971505522727966
2017-05-02T07:36:02+00:00,50.748519,7.066109,0.1515604853630066
2017-05-02T07:36:04+00:00,50.748520,7.066094,0.09199205785989761
2017-05-02T07:36:05+00:00,50.748521,7.066111,0.16368885338306427
2017-05-02T07:36:07+00:00,50.748504,7.066129,0.10511515289545059
2017-05-02T07:36:09+00:00,50.748492,7.066143,0.05410023406147957
2017-05-02T07:36:10+00:00,50.748498,7.066159,0.08706851303577423
2017-05-02T07:36:12+00:00,50.748497,7.066146,0.15715183317661285
2017-05-02T07:36:14+00:00,50.748494,7.066139,0.14357726275920868
2017-05-02T07:36:16+00:00,50.748497,7.066139,0.1528797447681427
2017-05-02T07:36:17+00:00,50.748506,7.066143,0.28532081842422485
2017-05-02T07:36:19+00:00,50.748512,7.066181,0.2623864710330963
2017-05-02T07:36:20+00:00,50.748520,7.066195,0.16321788728237152
2017-05-02T07:36:22+00:00,50.748514,7.066190,0.09355112910270691
2017-05-02T07:36:24+00:00,50.748517,7.066260,0.1853460818529129
2017-05-02T07:36:25+00:00,50.748520,7.066276,0.21019785106182098
2017-05-02T07:36:27+00:00,50.748493,7.066358,0.08515068143606186
2017-05-02T07:36:28+00:00,50.748477,7.066412,0.10876258462667465
2017-05-02T07:36:30+00:00,50.748449,7.066527,0.1812564730644226
2017-05-02T07:36:32+00:00,50.748408,7.066616,0.16021837294101715
2017-05-02T07:36:33+00:00,50.748401,7.066650,0.13412724435329437
2017-05-02T07:36:35+00:00,50.748391,7.066699,0.08384428173303604
2017-05-02T07:36:36+00:00,50.748391,7.066726,0.04180454462766647
2017-05-02T07:36:38+00:00,50.748361,7.066790,0.0997467190027237
2017-05-02T07:36:40+00:00,50.748341,7.066844,0.0990636870265007
2017-05-02T07:36:41+00:00,50.748332,7.066870,0.12551109492778778
2017-05-02T07:36:43+00:00,50.748313,7.066934,0.1679275631904602
2017-05-02T07:36:44+00:00,50.748306,7.066978,0.21222174167633057
2017-05-02T07:36:46+00:00,50.748280,7.067105,0.1244654506444931
2017-05-02T07:36:48+00:00,50.748252,7.067217,0.13243012130260468
2017-05-02T07:36:49+00:00,50.748240,7.067270,0.05798052251338959
2017-05-02T07:36:51+00:00,50.748232,7.067312,0.06913432478904724
2017-05-02T07:36:52+00:00,50.748238,7.067329,0.0870133489370346
2017-05-02T07:36:54+00:00,50.748234,7.067346,0.030191101133823395
2017-05-02T07:36:56+00:00,50.748232,7.067360,0.1003110408782959
2017-05-02T07:36:57+00:00,50.748227,7.067374,0.17330603301525116
2017-05-02T07:36:59+00:00,50.748216,7.067423,0.1351109892129898
2017-05-02T07:37:00+00:00,50.748210,7.067451,0.11872199922800064
2017-05-02T07:37:02+00:00,50.748194,7.067511,0.01883532851934433
2017-05-02T07:37:04+00:00,50.748173,7.067580,0.03233973681926727
2017-05-02T07:37:05+00:00,50.748162,7.067624,0.05596847087144852
2017-05-02T07:37:07+00:00,50.748141,7.067710,0.07602626830339432
2017-05-02T07:37:08+00:00,50.748135,7.067750,0.05273245647549629
2017-05-02T07:37:10+00:00,50.748115,7.067825,0.16120946407318115
2017-05-02T07:37:12+00:00,50.748098,7.067913,0.18269439041614532
2017-05-02T07:37:14+00:00,50.748081,7.067998,0.03756021708250046
2017-05-02T07:37:16+00:00,50.748065,7.068088,0.218048557639122
2017-05-02T07:37:18+00:00,50.748040,7.068173,0.1753125637769699
2017-05-02T07:37:19+00:00,50.748028,7.068214,0.11266027390956879
2017-05-02T07:37:21+00:00,50.748006,7.068287,0.21537193655967712
2017-05-02T07:37:22+00:00,50.747993,7.068318,0.13115078210830688
2017-05-02T07:37:24+00:00,50.747980,7.068381,0.03169146552681923
2017-05-02T07:37:26+00:00,50.747953,7.068448,0.05852758511900902
2017-05-02T07:37:27+00:00,50.747948,7.068486,0.060384634882211685
2017-05-02T07:37:29+00:00,50.747937,7.068555,0.022841380909085274
2017-05-02T07:37:30+00:00,50.747928,7.068585,0.031238649040460587
2017-05-02T07:37:32+00:00,50.747923,7.068607,0.03909710794687271
2017-05-02T07:37:33+00:00,50.747934,7.068614,0.05307593569159508
2017-05-02T07:37:35+00:00,50.747927,7.068650,0.05057147145271301
2017-05-02T07:37:36+00:00,50.747915,7.068678,0.022953882813453674
2017-05-02T07:37:38+00:00,50.747911,7.068705,0.06133655086159706
2017-05-02T07:37:40+00:00,50.747896,7.068751,0.11965781450271606
2017-05-02T07:37:42+00:00,50.747884,7.068813,0.04402825981378555
2017-05-02T07:37:43+00:00,50.747872,7.068864,0.0344817191362381
2017-05-02T07:37:45+00:00,50.747837,7.068980,0.08544886112213135
2017-05-02T07:37:46+00:00,50.747833,7.069041,0.04852777346968651
2017-05-02T07:37:48+00:00,50.747816,7.069134,0.048370610922575
2017-05-02T07:37:50+00:00,50.747778,7.069210,0.0435330905020237
2017-05-02T07:37:52+00:00,50.747741,7.069309,0.09414535015821457
2017-05-02T07:37:54+00:00,50.747747,7.069301,0.07932429760694504
2017-05-02T07:37:56+00:00,50.747731,7.069345,0.08017440140247345
2017-05-02T07:37:57+00:00,50.747708,7.069363,0.062056493014097214
2017-05-02T07:38:00.871000+00:00,50.747542,7.070122,0.04044041037559509
2017-05-02T07:38:02+00:00,50.747724,7.069501,0.03738013282418251
2017-05-02T07:38:04+00:00,50.747736,7.069567,0.046958524733781815
2017-05-02T07:38:05+00:00,50.747733,7.069596,0.029870910570025444
2017-05-02T07:38:07+00:00,50.747719,7.069639,0.0404847115278244
2017-05-02T07:38:09+00:00,50.747697,7.069684,0.055968958884477615
2017-05-02T07:38:10+00:00,50.747697,7.069683,0.05479293689131737
2017-05-02T07:38:12+00:00,50.747698,7.069693,0.04771539941430092
2017-05-02T07:38:13+00:00,50.747698,7.069700,0.04731232300400734
2017-05-02T07:38:15+00:00,50.747693,7.069695,0.028445735573768616
2017-05-02T07:38:16+00:00,50.747690,7.069691,0.051731184124946594
2017-05-02T07:38:18+00:00,50.747683,7.069694,0.031455304473638535
2017-05-02T07:38:19+00:00,50.747679,7.069696,0.07078219950199127
2017-05-02T07:38:21+00:00,50.747639,7.069684,0.06031282991170883
2017-05-02T07:38:23+00:00,50.747678,7.069682,0.12062864750623703
2017-05-02T07:38:25+00:00,50.747647,7.069695,0.05997577682137489
2017-05-02T07:38:27+00:00,50.747647,7.069711,0.06933941692113876
2017-05-02T07:38:29+00:00,50.747664,7.069710,0.12458567321300507
2017-05-02T07:38:30+00:00,50.747663,7.069713,0.10866501927375793
2017-05-02T07:38:32+00:00,50.747644,7.069762,0.11620781570672989
2017-05-02T07:38:33+00:00,50.747639,7.069817,0.10691504180431366
2017-05-02T07:38:35+00:00,50.747588,7.069917,0.12170485407114029
2017-05-02T07:38:36+00:00,50.747578,7.069967,0.10666054487228394
2017-05-02T07:38:38+00:00,50.747548,7.070027,0.10777105391025543
2017-05-02T07:38:40+00:00,50.747551,7.070035,0.10934997349977493
2017-05-02T07:38:42+00:00,50.747543,7.070025,0.09239573776721954
2017-05-02T07:38:44+00:00,50.747535,7.070023,0.10024300962686539
2017-05-02T07:38:45+00:00,50.747535,7.070021,0.10466701537370682
2017-05-02T07:38:47+00:00,50.747518,7.070007,0.08491336554288864
2017-05-02T07:38:49+00:00,50.747602,7.070038,0.08031272888183594
2017-05-02T07:38:51+00:00,50.747595,7.070050,0.09387332201004028
2017-05-02T07:38:53+00:00,50.747564,7.070052,0.08927107602357864
2017-05-02T07:38:54+00:00,50.747539,7.070041,0.0467790812253952
2017-05-02T07:38:56+00:00,50.747537,7.070049,0.03789902478456497
2017-05-02T07:38:57+00:00,50.747542,7.070061,0.02964005433022976
2017-05-02T07:38:59+00:00,50.747551,7.070038,0.02025412581861019
2017-05-02T07:39:01+00:00,50.747548,7.070079,0.019970228895545006
2017-05-02T07:39:03+00:00,50.747530,7.070147,0.01927921362221241
2017-05-02T07:39:05+00:00,50.747513,7.070215,0.020045459270477295
2017-05-02T07:39:07+00:00,50.747522,7.070257,0.01712070219218731
2017-05-02T07:39:08+00:00,50.747528,7.070274,0.024059681221842766
2017-05-02T07:39:10+00:00,50.747538,7.070273,0.02627476677298546
2017-05-02T07:39:12+00:00,50.747499,7.070268,0.02171589992940426
2017-05-02T07:39:14+00:00,50.747507,7.070283,0.05855732038617134
2017-05-02T07:39:16+00:00,50.747521,7.070290,0.056605104357004166
2017-05-02T07:39:18+00:00,50.747535,7.070270,0.12553173303604126
2017-05-02T07:39:19+00:00,50.747542,7.070278,0.0782267227768898
2017-05-02T07:39:20+00:00,50.747554,7.070285,0.10782086104154587
2017-05-02T07:39:22+00:00,50.747545,7.070287,0.04251180589199066
2017-05-02T07:39:23+00:00,50.747543,7.070282,0.09262663871049881
2017-05-02T07:39:25+00:00,50.747508,7.070291,0.03996003791689873
2017-05-02T07:39:27+00:00,50.747495,7.070316,0.0776602104306221
2017-05-02T07:39:28+00:00,50.747484,7.070344,0.16247032582759857
2017-05-02T07:39:30+00:00,50.747439,7.070457,0.0874834954738617
2017-05-02T07:39:31+00:00,50.747424,7.070513,0.06437967717647552
2017-05-02T07:39:33+00:00,50.747397,7.070598,0.05935215950012207
2017-05-02T07:39:34+00:00,50.747373,7.070645,0.10066074877977371
2017-05-02T07:39:36+00:00,50.747364,7.070733,0.0487590953707695
2017-05-02T07:39:37+00:00,50.747355,7.070769,0.08646857738494873
2017-05-02T07:39:39+00:00,50.747346,7.070823,0.0790715366601944
2017-05-02T07:39:41+00:00,50.747349,7.070870,0.07112231105566025
2017-05-02T07:39:43+00:00,50.747328,7.070924,0.14477825164794922
2017-05-02T07:39:44+00:00,50.747331,7.070943,0.1194443479180336
2017-05-02T07:39:46+00:00,50.747313,7.071001,0.0654984638094902
2017-05-02T07:39:47+00:00,50.747309,7.071026,0.09904018044471741
2017-05-02T07:39:49+00:00,50.747277,7.071072,0.09613581001758575
2017-05-02T07:39:50+00:00,50.747257,7.071106,0.08292456716299057
2017-05-02T07:39:52+00:00,50.747223,7.071221,0.055568352341651917
2017-05-02T07:39:54+00:00,50.747187,7.071339,0.16651302576065063
2017-05-02T07:39:56+00:00,50.747140,7.071448,0.03554210811853409
2017-05-02T07:39:58+00:00,50.747105,7.071562,0.03266408294439316
2017-05-02T07:41:21+00:00,50.746204,7.073576,0.10300809144973755
2017-05-02T07:41:23+00:00,50.746177,7.073622,0.07170398533344269
2017-05-02T07:41:25+00:00,50.746144,7.073637,0.06739668548107147
2017-05-02T07:41:27+00:00,50.746107,7.073650,0.09267356246709824
2017-05-02T07:41:29+00:00,50.746073,7.073645,0.09377885609865189
2017-05-02T07:41:31+00:00,50.746006,7.073679,0.11472518742084503
2017-05-02T07:41:33+00:00,50.746022,7.073771,0.052727486938238144
2017-05-02T07:41:35+00:00,50.745996,7.073868,0.036080747842788696
2017-05-02T07:41:37+00:00,50.746010,7.073857,0.07631272077560425
2017-05-02T07:41:39+00:00,50.746020,7.073883,0.05460144579410553
2017-05-02T07:41:40+00:00,50.746023,7.073910,0.08519596606492996
2017-05-02T07:41:42+00:00,50.746005,7.073951,0.06877725571393967
2017-05-02T07:41:43+00:00,50.745973,7.073982,0.0756678655743599
2017-05-02T07:41:45+00:00,50.745918,7.074054,0.02822977304458618
2017-05-02T07:41:47+00:00,50.745857,7.074118,0.08631397783756256
2017-05-02T07:41:48+00:00,50.745831,7.074150,0.07979797571897507
2017-05-02T07:41:50+00:00,50.745800,7.074220,0.06710997968912125
2017-05-02T07:41:51+00:00,50.745770,7.074259,0.11109674721956253
2017-05-02T07:41:53+00:00,50.745717,7.074330,0.0767945945262909
2017-05-02T07:41:55+00:00,50.745664,7.074396,0.09686204046010971
2017-05-02T07:41:56+00:00,50.745638,7.074435,0.04975981265306473
2017-05-02T07:41:58+00:00,50.745577,7.074502,0.06850120425224304
2017-05-02T07:41:59+00:00,50.745538,7.074540,0.07128288596868515
2017-05-02T07:42:01+00:00,50.745453,7.074615,0.10798103362321854
2017-05-02T07:42:03+00:00,50.745355,7.074685,0.03301864489912987
2017-05-02T07:42:04+00:00,50.745305,7.074731,0.08787450194358826
2017-05-02T07:42:06+00:00,50.745194,7.074812,0.08347871154546738
2017-05-02T07:42:07+00:00,50.745133,7.074844,0.050772737711668015
2017-05-02T07:42:09+00:00,50.744992,7.074880,0.053589385002851486
2017-05-02T07:42:11+00:00,50.744862,7.074887,0.047541648149490356
2017-05-02T07:42:12+00:00,50.744808,7.074871,0.029996884986758232
2017-05-02T07:42:14+00:00,50.744721,7.074808,0.03870755434036255
2017-05-02T07:42:15+00:00,50.744700,7.074787,0.10145223885774612
2017-05-02T07:42:17+00:00,50.744662,7.074751,0.0229289922863245
2017-05-02T07:42:19+00:00,50.744656,7.074756,0.09969309717416763
2017-05-02T07:42:20+00:00,50.744659,7.074768,0.06639480590820312
2017-05-02T07:42:22+00:00,50.744659,7.074781,0.13245463371276855
2017-05-02T07:42:23+00:00,50.744665,7.074780,0.046731043606996536
2017-05-02T07:42:25+00:00,50.744646,7.074763,0.06906570494174957
2017-05-02T07:42:27+00:00,50.744618,7.074710,0.13753382861614227
2017-05-02T07:42:28+00:00,50.744610,7.074677,0.05312872678041458
2017-05-02T07:42:30+00:00,50.744578,7.074614,0.07023360580205917
2017-05-02T07:42:31+00:00,50.744561,7.074577,0.11276643723249435
2017-05-02T07:42:33+00:00,50.744549,7.074500,0.03328467532992363
2017-05-02T07:42:35+00:00,50.744522,7.074434,0.18568353354930878
2017-05-02T07:42:36+00:00,50.744518,7.074408,0.11227726191282272
2017-05-02T07:42:38+00:00,50.744494,7.074353,0.105258509516716
2017-05-02T07:42:39+00:00,50.744476,7.074323,0.07785094529390335
2017-05-02T07:42:40+00:00,50.744461,7.074301,0.0854252353310585
2017-05-02T07:42:42+00:00,50.744443,7.074218,0.040855251252651215
2017-05-02T07:42:43+00:00,50.744439,7.074172,0.11936936527490616
2017-05-02T07:42:45+00:00,50.744447,7.074085,0.04850861430168152
2017-05-02T07:42:46+00:00,50.744468,7.074045,0.057754721492528915
2017-05-02T07:42:48+00:00,50.744482,7.073963,0.1129811629652977
2017-05-02T07:42:49+00:00,50.744489,7.073924,0.16080313920974731
2017-05-02T07:42:51+00:00,50.744500,7.073833,0.02134092152118683
2017-05-02T07:42:53+00:00,50.744530,7.073762,0.07334823161363602
2017-05-02T07:42:54+00:00,50.744543,7.073729,0.04563571512699127
2017-05-02T07:42:55+00:00,50.744540,7.073689,0.07610975205898285
2017-05-02T07:42:57+00:00,50.744576,7.073634,0.1070525124669075
2017-05-02T07:42:59+00:00,50.744603,7.073555,0.10420507937669754
2017-05-02T07:43:01+00:00,50.744646,7.073493,0.1383165866136551
2017-05-02T07:43:02+00:00,50.744665,7.073473,0.10162301361560822
2017-05-02T07:43:04+00:00,50.744720,7.073412,0.1554974466562271
2017-05-02T07:43:05+00:00,50.744737,7.073388,0.12242086231708527
2017-05-02T07:43:07+00:00,50.744809,7.073327,0.0924455001950264
2017-05-02T07:43:08+00:00,50.744855,7.073305,0.08187403529882431
2017-05-02T07:43:10+00:00,50.744914,7.073283,0.05076684430241585
2017-05-02T07:43:11+00:00,50.744932,7.073266,0.1369299441576004
2017-05-02T07:43:12+00:00,50.744953,7.073252,0.18347357213497162
2017-05-02T07:43:14+00:00,50.744994,7.073235,0.10034829378128052
2017-05-02T07:43:15+00:00,50.745025,7.073232,0.07910557091236115
2017-05-02T07:43:17+00:00,50.745090,7.073230,0.10951775312423706
2017-05-02T07:43:18+00:00,50.745128,7.073225,0.06113889813423157
2017-05-02T07:43:20+00:00,50.745158,7.073207,0.10101445019245148
2017-05-02T07:43:21+00:00,50.745187,7.073209,0.1106773167848587
2017-05-02T07:43:23+00:00,50.745254,7.073228,0.05473247915506363
2017-05-02T07:43:25+00:00,50.745339,7.073275,0.0649663433432579
2017-05-02T07:43:27+00:00,50.745400,7.073316,0.0635003075003624
2017-05-02T07:43:28+00:00,50.745436,7.073341,0.03836605325341225
2017-05-02T07:43:30+00:00,50.745478,7.073376,0.0457146055996418
2017-05-02T07:43:32+00:00,50.745525,7.073429,0.06757335364818573
2017-05-02T07:43:33+00:00,50.745552,7.073448,0.07224516570568085
2017-05-02T07:43:35+00:00,50.745626,7.073490,0.05578937754034996
2017-05-02T07:43:37+00:00,50.745701,7.073538,0.12874265015125275
2017-05-02T07:43:39+00:00,50.745791,7.073599,0.1449597030878067
2017-05-02T07:43:41+00:00,50.745867,7.073674,0.08584695309400558
2017-05-02T07:43:43+00:00,50.745928,7.073744,0.07431574165821075
2017-05-02T07:43:45+00:00,50.746003,7.073834,0.16022741794586182
2017-05-02T07:43:47+00:00,50.746074,7.073922,0.13245508074760437
2017-05-02T07:43:48+00:00,50.746104,7.073952,0.12828876078128815
2017-05-02T07:43:50+00:00,50.746166,7.074024,0.09803551435470581
2017-05-02T07:43:52+00:00,50.746213,7.074086,0.13091078400611877
2017-05-02T07:43:54+00:00,50.746252,7.074139,0.07820075750350952
2017-05-02T07:43:56+00:00,50.746293,7.074193,0.13144174218177795
2017-05-02T07:43:58+00:00,50.746330,7.074262,0.10929785668849945
2017-05-02T07:43:59+00:00,50.746348,7.074289,0.07358622550964355
2017-05-02T07:44:01+00:00,50.746399,7.074357,0.11014080792665482
2017-05-02T07:44:03+00:00,50.746480,7.074459,0.15280833840370178
2017-05-02T07:44:04+00:00,50.746525,7.074515,0.1012389287352562
2017-05-02T07:44:06+00:00,50.746594,7.074621,0.1588289886713028
2017-05-02T07:44:08+00:00,50.746677,7.074742,0.14025774598121643
2017-05-02T07:44:10+00:00,50.746781,7.074882,0.10010819137096405
2017-05-02T07:44:12+00:00,50.746878,7.075041,0.11067486554384232
2017-05-02T07:44:14+00:00,50.746968,7.075181,0.10988035053014755
2017-05-02T07:44:15+00:00,50.747016,7.075246,0.054764002561569214
2017-05-02T07:44:17+00:00,50.747099,7.075360,0.09378482401371002
2017-05-02T07:44:19+00:00,50.747171,7.075472,0.055065494030714035
2017-05-02T07:44:20+00:00,50.747213,7.075528,0.0600171834230423
2017-05-02T07:44:22+00:00,50.747299,7.075646,0.1363746076822281
2017-05-02T07:44:23+00:00,50.747340,7.075702,0.08892126381397247
2017-05-02T07:44:25+00:00,50.747422,7.075830,0.09104561805725098
2017-05-02T07:44:27+00:00,50.747502,7.075989,0.0756879448890686
2017-05-02T07:44:28+00:00,50.747546,7.076070,0.09167957305908203
2017-05-02T07:44:30+00:00,50.747638,7.076247,0.10855826735496521
2017-05-02T07:44:31+00:00,50.747693,7.076324,0.06599611043930054
2017-05-02T07:44:33+00:00,50.747796,7.076495,0.10255569964647293
2017-05-02T07:44:34+00:00,50.747839,7.076583,0.0710596963763237
2017-05-02T07:44:36+00:00,50.747935,7.076737,0.021837623789906502
2017-05-02T07:44:37+00:00,50.747972,7.076818,0.06382331252098083
2017-05-02T07:44:39+00:00,50.748057,7.076980,0.0613212063908577
2017-05-02T07:44:41+00:00,50.748135,7.077149,0.0687304139137268
2017-05-02T07:44:43+00:00,50.748228,7.077311,0.06371459364891052
2017-05-02T07:44:44+00:00,50.748282,7.077412,0.08637750148773193
2017-05-02T07:44:45+00:00,50.748332,7.077518,0.11825259774923325
2017-05-02T07:44:47+00:00,50.748424,7.077719,0.07537757605314255
2017-05-02T07:44:48+00:00,50.748478,7.077814,0.02826421894133091
2017-05-02T07:44:50+00:00,50.748571,7.078037,0.05138472467660904
2017-05-02T07:44:51+00:00,50.748617,7.078172,0.05937978997826576
2017-05-02T07:44:53+00:00,50.748764,7.078454,0.06307384371757507
2017-05-02T07:44:54+00:00,50.748842,7.078613,0.049538642168045044
2017-05-02T07:44:56+00:00,50.749020,7.078999,0.05910365656018257
2017-05-02T07:44:58+00:00,50.749183,7.079368,0.05169370770454407
2017-05-02T07:45:00+00:00,50.749395,7.079837,0.04088453948497772
2017-05-02T07:45:01+00:00,50.749521,7.080072,0.06099587678909302
2017-05-02T07:45:03+00:00,50.749739,7.080557,0.06732109189033508
2017-05-02T07:45:04+00:00,50.749848,7.080781,0.025518471375107765
2017-05-02T07:45:06+00:00,50.750061,7.081235,0.06226275488734245
2017-05-02T07:45:08+00:00,50.750306,7.081699,0.1172887533903122
2017-05-02T07:45:09+00:00,50.750391,7.081930,0.10743164271116257
2017-05-02T07:45:11+00:00,50.750619,7.082402,0.0989665687084198
2017-05-02T07:45:12+00:00,50.750736,7.082637,0.13702888786792755
2017-05-02T07:45:14+00:00,50.750939,7.083111,0.1423502266407013
2017-05-02T07:45:16+00:00,50.751120,7.083591,0.25254666805267334
2017-05-02T07:45:17+00:00,50.751215,7.083827,0.3205317258834839
2017-05-02T07:45:19+00:00,50.751383,7.084304,0.2108856439590454
2017-05-02T07:45:20+00:00,50.751471,7.084532,0.26546403765678406
2017-05-02T07:45:22+00:00,50.751615,7.084985,0.07777291536331177
2017-05-02T07:45:24+00:00,50.751748,7.085427,0.09180209040641785
2017-05-02T07:45:25+00:00,50.751816,7.085649,0.09017288684844971
2017-05-02T07:45:27+00:00,50.751948,7.086069,0.17962421476840973
2017-05-02T07:45:29+00:00,50.752072,7.086459,0.15474121272563934
2017-05-02T07:45:31+00:00,50.752191,7.086847,0.217922642827034
2017-05-02T07:45:33+00:00,50.752329,7.087175,0.07573056221008301
2017-05-02T07:45:35+00:00,50.752438,7.087504,0.33735182881355286
2017-05-02T07:45:37+00:00,50.752556,7.087800,0.08828337490558624
2017-05-02T07:45:39+00:00,50.752642,7.088082,0.2614099085330963
2017-05-02T07:45:41+00:00,50.752690,7.088285,0.21781456470489502
2017-05-02T07:45:43+00:00,50.752726,7.088435,0.16104161739349365
2017-05-02T07:45:44+00:00,50.752738,7.088482,0.2444814145565033
2017-05-02T07:45:46+00:00,50.752747,7.088561,0.10980665683746338
2017-05-02T07:45:49.724000+00:00,50.752695,7.088819,0.1619873046875
2017-05-02T07:45:51+00:00,50.752731,7.088802,0.13235299289226532
2017-05-02T07:45:53+00:00,50.752712,7.088921,0.17468486726284027
2017-05-02T07:45:55+00:00,50.752683,7.089027,0.2787970304489136
2017-05-02T07:45:57+00:00,50.752581,7.089189,0.17348693311214447
2017-05-02T07:45:58+00:00,50.752500,7.089287,0.15049782395362854
2017-05-02T07:46:00+00:00,50.752299,7.089483,0.134913831949234
2017-05-02T07:46:02+00:00,50.752098,7.089714,0.2879646420478821
2017-05-02T07:46:04+00:00,50.751894,7.089959,0.41591304540634155
2017-05-02T07:46:05+00:00,50.751789,7.090071,0.2284908890724182
2017-05-02T07:46:08+00:00,50.751472,7.090384,0.28276336193084717
2017-05-02T07:46:10+00:00,50.751254,7.090583,0.4418695271015167
2017-05-02T07:46:12+00:00,50.751041,7.090796,0.4471631944179535
2017-05-02T07:46:14+00:00,50.750838,7.091010,0.1043442115187645
2017-05-02T07:46:16+00:00,50.750622,7.091210,0.21952179074287415
2017-05-02T07:46:18+00:00,50.750415,7.091395,0.35133597254753113
2017-05-02T07:46:20+00:00,50.750218,7.091589,0.5147918462753296
2017-05-02T07:46:21+00:00,50.750114,7.091680,0.38452157378196716
2017-05-02T07:46:23+00:00,50.749924,7.091871,0.30785122513771057
2017-05-02T07:46:25+00:00,50.749730,7.092043,0.25608423352241516
2017-05-02T07:46:27+00:00,50.749541,7.092219,0.5034776926040649
2017-05-02T07:46:29+00:00,50.749336,7.092369,0.3717561960220337
2017-05-02T07:46:31+00:00,50.749231,7.092495,0.11950139701366425
2017-05-02T07:46:33+00:00,50.749073,7.092634,0.20513328909873962
2017-05-02T07:46:35+00:00,50.748948,7.092716,0.12794099748134613
2017-05-02T07:46:36+00:00,50.748893,7.092759,0.13770930469036102
2017-05-02T07:46:38+00:00,50.748811,7.092849,0.082840695977211
2017-05-02T07:46:39+00:00,50.748777,7.092881,0.10864459723234177
2017-05-02T07:46:40+00:00,50.748737,7.092919,0.2892472445964813
2017-05-02T07:46:42+00:00,50.748634,7.092972,0.09715486317873001
2017-05-02T07:46:43+00:00,50.748581,7.093022,0.12235236167907715
2017-05-02T07:46:45+00:00,50.748489,7.093074,0.1651107221841812
2017-05-02T07:46:47+00:00,50.748415,7.093151,0.3199038803577423
2017-05-02T07:46:49+00:00,50.748339,7.093209,0.09596746414899826
2017-05-02T07:46:51+00:00,50.748258,7.093278,0.1810898780822754
2017-05-02T07:46:53+00:00,50.748195,7.093328,0.35118788480758667
2017-05-02T07:46:54+00:00,50.748169,7.093340,0.3126120865345001
2017-05-02T07:46:55+00:00,50.748151,7.093344,0.213179811835289
2017-05-02T07:46:57+00:00,50.748131,7.093374,0.09492034465074539
2017-05-02T07:46:58+00:00,50.748114,7.093382,0.09067030996084213
2017-05-02T07:47:00+00:00,50.748055,7.093476,0.11968495696783066
2017-05-02T07:47:02+00:00,50.747976,7.093565,0.09605345129966736
2017-05-02T07:47:03+00:00,50.747956,7.093591,0.12924574315547943
2017-05-02T07:47:05+00:00,50.747898,7.093631,0.10920297354459763
2017-05-02T07:47:07+00:00,50.747830,7.093678,0.1096823588013649
2017-05-02T07:47:09+00:00,50.747780,7.093778,0.2391994148492813
2017-05-02T07:47:11+00:00,50.747793,7.093929,0.08690227568149567
2017-05-02T07:47:13+00:00,50.747843,7.094090,0.11297265440225601
2017-05-02T07:47:15+00:00,50.747883,7.094263,0.13092675805091858
2017-05-02T07:47:17+00:00,50.747917,7.094431,0.12479376792907715
2017-05-02T07:47:19+00:00,50.747957,7.094662,0.14893735945224762
2017-05-02T07:47:21+00:00,50.747999,7.094879,0.17145055532455444
2017-05-02T07:47:22+00:00,50.748016,7.094969,0.1371707320213318
2017-05-02T07:47:24+00:00,50.748061,7.095157,0.12705467641353607
2017-05-02T07:47:25+00:00,50.748069,7.095227,0.14108321070671082
2017-05-02T07:47:26+00:00,50.748079,7.095284,0.13257354497909546
2017-05-02T07:47:28+00:00,50.748104,7.095411,0.08430022746324539
2017-05-02T07:47:30+00:00,50.748139,7.095531,0.21093660593032837
2017-05-02T07:47:31+00:00,50.748150,7.095636,0.09756842255592346
2017-05-02T07:47:33+00:00,50.748169,7.095808,0.0480603463947773
2017-05-02T07:47:35+00:00,50.748190,7.095958,0.13252413272857666
2017-05-02T07:47:36+00:00,50.748186,7.096015,0.20694948732852936
2017-05-02T07:47:37+00:00,50.748180,7.096068,0.16502289474010468
2017-05-02T07:47:39+00:00,50.748211,7.096163,0.18084008991718292
2017-05-02T07:47:41+00:00,50.748248,7.096307,0.053006310015916824
2017-05-02T07:47:42+00:00,50.748275,7.096368,0.08469349890947342
2017-05-02T07:47:44+00:00,50.748296,7.096503,0.10303010791540146
2017-05-02T07:47:45+00:00,50.748324,7.096571,0.09662406891584396
2017-05-02T07:47:47+00:00,50.748387,7.096717,0.12111076712608337
2017-05-02T07:47:48+00:00,50.748416,7.096778,0.09946301579475403
2017-05-02T07:47:50+00:00,50.748415,7.096941,0.17506296932697296
2017-05-02T07:47:52+00:00,50.748388,7.097109,0.14449024200439453
2017-05-02T07:47:53+00:00,50.748394,7.097185,0.17377005517482758
2017-05-02T07:47:54+00:00,50.748402,7.097261,0.2900126874446869
2017-05-02T07:47:56+00:00,50.748444,7.097427,0.18516118824481964
2017-05-02T07:47:57+00:00,50.748443,7.097515,0.2200113832950592
2017-05-02T07:47:59+00:00,50.748478,7.097664,0.1645740270614624
2017-05-02T07:48:00+00:00,50.748491,7.097735,0.25670090317726135
2017-05-02T07:48:01+00:00,50.748500,7.097796,0.27979734539985657
2017-05-02T07:48:03+00:00,50.748508,7.097898,0.06897661834955215
2017-05-02T07:48:04+00:00,50.748513,7.097929,0.12097524851560593
2017-05-02T07:48:06+00:00,50.748515,7.097986,0.18459761142730713
2017-05-02T07:48:08+00:00,50.748521,7.098037,0.18306292593479156
2017-05-02T07:48:10+00:00,50.748528,7.098077,0.04895603656768799
2017-05-02T07:48:11+00:00,50.748540,7.098128,0.06264854222536087
2017-05-02T07:48:13+00:00,50.748554,7.098217,0.12403496354818344
2017-05-02T07:48:14+00:00,50.748579,7.098263,0.07956520467996597
2017-05-02T07:48:16+00:00,50.748564,7.098360,0.11046066880226135
2017-05-02T07:48:17+00:00,50.748581,7.098393,0.024068130180239677
2017-05-02T07:48:19+00:00,50.748670,7.098427,0.11883588880300522
2017-05-02T07:48:20+00:00,50.748702,7.098429,0.13141541182994843
2017-05-02T07:48:22+00:00,50.748794,7.098334,0.179406076669693
2017-05-02T07:48:24+00:00,50.748904,7.098261,0.0788654312491417
2017-05-02T07:48:25+00:00,50.748962,7.098212,0.19372697174549103
2017-05-02T07:48:27+00:00,50.749118,7.098081,0.1774415522813797
2017-05-02T07:48:29+00:00,50.749255,7.097990,0.05052347853779793
2017-05-02T07:48:30+00:00,50.749324,7.097943,0.11833596974611282
2017-05-02T07:48:32+00:00,50.749458,7.097861,0.1665351241827011
2017-05-02T07:48:33+00:00,50.749529,7.097816,0.1708683967590332
2017-05-02T07:48:35+00:00,50.749665,7.097728,0.22947849333286285
2017-05-02T07:48:36+00:00,50.749730,7.097702,0.18549713492393494
2017-05-02T07:48:38+00:00,50.749802,7.097635,0.1993866264820099
2017-05-02T07:48:40+00:00,50.749895,7.097570,0.1973760724067688
2017-05-02T07:48:41+00:00,50.749977,7.097519,0.07571516931056976
2017-05-02T07:48:43+00:00,50.750120,7.097375,0.18663865327835083
2017-05-02T07:48:44+00:00,50.750201,7.097316,0.10469507426023483
2017-05-02T07:48:46+00:00,50.750344,7.097200,0.1826011687517166
2017-05-02T07:48:47+00:00,50.750403,7.097144,0.056924931704998016
2017-05-02T07:48:49+00:00,50.750520,7.097023,0.21497075259685516
2017-05-02T07:48:51+00:00,50.750625,7.096914,0.17743004858493805
2017-05-02T07:48:53+00:00,50.750783,7.096834,0.1975449174642563
2017-05-02T07:48:55+00:00,50.750890,7.096716,0.17003034055233002
2017-05-02T07:48:57+00:00,50.751025,7.096561,0.23448742926120758
2017-05-02T07:48:58+00:00,50.751079,7.096519,0.15988056361675262
2017-05-02T07:49:00+00:00,50.751185,7.096417,0.22744549810886383
2017-05-02T07:49:02+00:00,50.751317,7.096289,0.2380378097295761
2017-05-02T07:49:03+00:00,50.751386,7.096246,0.17279373109340668
2017-05-02T07:49:05+00:00,50.751527,7.096169,0.24200043082237244
2017-05-02T07:49:06+00:00,50.751597,7.096101,0.21157191693782806
2017-05-02T07:49:08+00:00,50.751726,7.095996,0.10563599318265915
2017-05-02T07:49:10+00:00,50.751880,7.095912,0.26771080493927
2017-05-02T07:49:12+00:00,50.752013,7.095828,0.17292024195194244
2017-05-02T07:49:14+00:00,50.752163,7.095703,0.07394812256097794
2017-05-02T07:49:16+00:00,50.752283,7.095565,0.07166378945112228
2017-05-02T07:49:18+00:00,50.752365,7.095474,0.2106010764837265
2017-05-02T07:49:20+00:00,50.752413,7.095416,0.04491611197590828
2017-05-02T07:49:22+00:00,50.752457,7.095428,0.055281829088926315
2017-05-02T07:49:24+00:00,50.752509,7.095496,0.08288821578025818
2017-05-02T07:49:26+00:00,50.752554,7.095613,0.05688697099685669
2017-05-02T07:49:27+00:00,50.752577,7.095664,0.07707776874303818
2017-05-02T07:49:29+00:00,50.752610,7.095752,0.07730568200349808
2017-05-02T07:49:31+00:00,50.752658,7.095865,0.04741491377353668
2017-05-02T07:49:32+00:00,50.752679,7.095930,0.04193983972072601
2017-05-02T07:49:34+00:00,50.752731,7.096074,0.029462207108736038
2017-05-02T07:49:36+00:00,50.752778,7.096210,0.014580994844436646
2017-05-02T07:49:38+00:00,50.752821,7.096344,0.011694701388478279
2017-05-02T07:49:40+00:00,50.752869,7.096449,0.009894347749650478
2017-05-02T07:49:42+00:00,50.752911,7.096552,0.009675538167357445
2017-05-02T07:49:44+00:00,50.752958,7.096641,0.008150693960487843
2017-05-02T07:49:45+00:00,50.752976,7.096685,0.01616496592760086
2017-05-02T07:49:47+00:00,50.753003,7.096777,0.035925429314374924
2017-05-02T07:49:49+00:00,50.752992,7.096806,0.024432441219687462
2017-05-02T07:49:51+00:00,50.752990,7.096843,0.07325670123100281
2017-05-02T07:49:52+00:00,50.752988,7.096862,0.03395432233810425
